Redirect 301 "/blog/“featherweight”-burden-of-proof-the-jones-act-works-in-favor-of-injured-seamen/" "/aeoefeatherweightae%c2%9d-burden-of-proof-the-jones-act-works-in-favor-of-injured-seamen/"
Redirect 301 "/blog/5-tricks-your-company-will-use-to-fight-your-offshore-injury-claim/" "/5-tricks-your-company-will-use-to-fight-your-offshore-injury-claim/"
Redirect 301 "/blog/a-quick-test-to-tell-if-you-have-maritime-work-related-hearing-loss/" "/a-quick-test-to-tell-if-you-have-maritime-work-related-hearing-loss/"
Redirect 301 "/blog/are-injury-settlements-taxable/" "/are-injury-settlements-taxable/"
Redirect 301 "/blog/asbestos-in-drilling-mud-–-hazard-that-causes-serious-injuries/" "/asbestos-in-drilling-mud-ae-hazard-that-causes-serious-injuries/"
Redirect 301 "/blog/dangerous-asbestos-used-on-oil-rigs-and-in-drilling-mud/" "/dangerous-asbestos-used-on-oil-rigs-and-in-drilling-mud/"
Redirect 301 "/blog/did-you-know-that-the-jones-act-and-maritime-law-provides-significant-protections-to-seamen-who-were-previously-exposed-to-asbestos-while-working-offshore/" "/did-you-know-that-the-jones-act-and-maritime-law-provides-significant-protections-to-seamen-who-were-previously-exposed-to-asbestos-while-working-offshore/"
Redirect 301 "/blog/did-you-know-youre-entitled-to-time-off/" "/did-you-know-youre-entitled-to-time-off/"
Redirect 301 "/blog/do-i-have-to-provide-a-recorded-statement-under-the-jones-act-if-i-am-hurt-offshore/" "/do-i-have-to-provide-a-recorded-statement-under-the-jones-act-if-i-am-hurt-offshore/"
Redirect 301 "/blog/free-asbestos-lung-screening-exam/" "/free-asbestos-lung-screening-exam/"
Redirect 301 "/blog/learn-how-we-can-help-if-you-need-an-alabama-maritime-or-jones-act-lawyer/" "/learn-how-we-can-help-if-you-need-an-alabama-maritime-or-jones-act-lawyer/"
Redirect 301 "/blog/maintenance-and-cure-are-you-getting-all-you-deserve/" "/maintenance-and-cure-are-you-getting-all-you-deserve/"
Redirect 301 "/blog/maritime-claims-get-settled-by-fear/" "/maritime-claims-get-settled-by-fear/"
Redirect 301 "/blog/maritime-publications-now-available/" "/maritime-publications-now-available/"
Redirect 301 "/blog/medical-treatment-while-working-offshore/" "/medical-treatment-while-working-offshore/"
Redirect 301 "/blog/need-a-florida-jones-act-lawyer-our-office-may-be-your-best-bet-learn-why-here/" "/need-a-florida-jones-act-lawyer-our-office-may-be-your-best-bet-learn-why-here/"
Redirect 301 "/blog/need-a-mississippi-maritime-jones-act-injury-lawyer/" "/need-a-mississippi-maritime-jones-act-injury-lawyer/"
Redirect 301 "/blog/negligence-under-maritime-law/" "/negligence-under-maritime-law/"
Redirect 301 "/blog/offshore-worker-black-list/" "/offshore-worker-black-list/"
Redirect 301 "/blog/our-most-rewarding-cases/" "/our-most-rewarding-cases/"
Redirect 301 "/blog/research-maritime-attorneys-online/" "/research-maritime-attorneys-online/"
Redirect 301 "/blog/the-most-frequantly-asked-questions-by-injured-maritime-workers/" "/the-most-frequantly-asked-questions-by-injured-maritime-workers/"
Redirect 301 "/blog/the-most-important-aspect-of-a-vehicle-accident-case/" "/the-most-important-aspect-of-a-vehicle-accident-case/"
Redirect 301 "/blog/visit-our-new-louisiana-automobile-accident-injury-web-site/" "/visit-our-new-louisiana-automobile-accident-injury-web-site/"
Redirect 301 "/blog/what-damages-can-i-collect-under-the-jones-act/" "/what-damages-can-i-collect-under-the-jones-act/"
Redirect 301 "/blog/what-type-of-equipment-causes-work-related-hearing-loss-offshore-or-on-a-vessel/" "/what-type-of-equipment-causes-work-related-hearing-loss-offshore-or-on-a-vessel/"
Redirect 301 "/blog/when-to-file-suit-after-an-18-wheeler-accident-–-its-sooner-than-you-think/" "/when-to-file-suit-after-an-18-wheeler-accident-ae-its-sooner-than-you-think/"
Redirect 301 "/blog/where-do-i-file-my-jones-act-claim/" "/where-do-i-file-my-jones-act-claim/"
Redirect 301 "/blog/why-a-pre-employment-physical-can-help-your-case/" "/why-a-pre-employment-physical-can-help-your-case/"
Redirect 301 "/blog/why-accidents-and-injuries-can-happen-on-an-offshore-oil-rig-floor/" "/why-accidents-and-injuries-can-happen-on-an-offshore-oil-rig-floor/"
Redirect 301 "/blog/why-should-i-work-offshore/" "/why-should-i-work-offshore/"
Redirect 301 "/blog/why-you-should-never-try-to-settle-your-own-maritime-jones-act-claim-without-an-attorney/" "/why-you-should-never-try-to-settle-your-own-maritime-jones-act-claim-without-an-attorney/"
Redirect 301 "/blog/why-your-insurance-adjuster-may-not-be-your-friend/" "/why-your-insurance-adjuster-may-not-be-your-friend/"
Redirect 301 "/blog/work-related-hearing-loss-offshore-and-on-vessels/" "/work-related-hearing-loss-offshore-and-on-vessels/"
Redirect 301 "/html/6secrets.html" "/6secrets/"
Redirect 301 "/html/admiralty.html" "/admiralty/"
Redirect 301 "/html/auto-faq.html" "/auto-faq/"
Redirect 301 "/html/auto.html" "/auto/"
Redirect 301 "/html/birth-injury.html" "/birth-injury/"
Redirect 301 "/html/boating-faq.html" "/boating-faq/"
Redirect 301 "/html/brain-injury.html" "/brain-injury/"
Redirect 301 "/html/burn-injury.html" "/burn-injury/"
Redirect 301 "/html/choice.html" "/choice/"
Redirect 301 "/html/contact.html" "/contact/"
Redirect 301 "/html/contact.html" "/contact/"
Redirect 301 "/html/cruise-ship.html" "/cruise-ship/"
Redirect 301 "/html/diving-accidents.html" "/diving-accidents/"
Redirect 301 "/html/dosha.html" "/dosha/"
Redirect 301 "/html/employeesguide.html" "/employeesguide/"
Redirect 301 "/html/firm.html" "/firm/"
Redirect 301 "/html/improper.html" "/improper/"
Redirect 301 "/html/injury-faq.html" "/injury-faq/"
Redirect 301 "/html/jones-act-claims.html" "/jones-act-claims/"
Redirect 301 "/html/jones-act.html" "/jones-act/"
Redirect 301 "/html/lawyers.html" "/lawyers/"
Redirect 301 "/html/longshore.html" "/longshore/"
Redirect 301 "/html/maintenance.html" "/maintenance/"
Redirect 301 "/html/maintenanceandcure.html" "/maintenanceandcure/"
Redirect 301 "/html/maritime.html" "/maritime/"
Redirect 301 "/html/maritimeexclusiveseal.html" "/maritimeexclusiveseal/"
Redirect 301 "/html/medical-malpractice.html" "/medical-malpractice/"
Redirect 301 "/html/medicalsecrets.html" "/maintenanceandcure/"
Redirect 301 "/html/medmal-faq.html" "/medmal-faq/"
Redirect 301 "/html/misdiagnosis.html" "/misdiagnosis/"
Redirect 301 "/html/motorcycle.html" "/motorcycle/"
Redirect 301 "/html/offshore-injury.html" "/offshore-injury/"
Redirect 301 "/html/oil-rig.html" "/oil-rig/"
Redirect 301 "/html/pedestrian.html" "/pedestrian/"
Redirect 301 "/html/personal-injury.html" "/personal-injury/"
Redirect 301 "/html/premises-liability.html" "/premises-liability/"
Redirect 301 "/html/product-liability.html" "/product-liability/"
Redirect 301 "/html/publications.html" "/maintenanceandcure/"
Redirect 301 "/html/railroad.html" "/railroad/"
Redirect 301 "/html/recreational-boating.html" "/recreational-boating/"
Redirect 301 "/html/results.html" "/results/"
Redirect 301 "/html/right.html" "/right/"
Redirect 301 "/html/seamen.html" "/seamen/"
Redirect 301 "/html/sitemap.html" "/sitemap/"
Redirect 301 "/html/spinal-cord.html" "/spinal-cord/"
Redirect 301 "/html/staff.html" "/staff/"
Redirect 301 "/html/stcw.html" "/maintenanceandcure/"
Redirect 301 "/html/stories.html" "/stories/"
Redirect 301 "/html/surgical-error.html" "/surgical-error/"
Redirect 301 "/html/treatment.html" "/treatment/"
Redirect 301 "/html/truck.html" "/truck/"
Redirect 301 "/html/workers-comp.html" "/workers-comp/"
Redirect 301 "/html/workplace.html" "/workplace/"
Redirect 301 "/html/wrongful-death.html" "/wrongful-death/"
